,Location,Filename,Year,Month,Day,Hour,AQI,PM2.5,PM10,O3,CO,SO2,NO2,AQI_Class
0,Bengaluru,BENGR_UHFSG_2023-02-03-08.30-1-1.jpg,2023,2,3,8:30,136,76,137,55,228,3,23,c_Unhealthy_for_Sensitive_Groups
1,Bengaluru,BENGR_UHFSG_2023-02-03-08.30-1-10.jpg,2023,2,3,8:30,136,76,137,55,228,3,23,c_Unhealthy_for_Sensitive_Groups
2,Bengaluru,BENGR_UHFSG_2023-02-03-08.30-1-11.jpg,2023,2,3,8:30,136,76,137,55,228,3,23,c_Unhealthy_for_Sensitive_Groups
3,Bengaluru,BENGR_UHFSG_2023-02-03-08.30-1-12.jpg,2023,2,3,8:30,136,76,137,55,228,3,23,c_Unhealthy_for_Sensitive_Groups
4,Bengaluru,BENGR_UHFSG_2023-02-03-08.30-1-13.jpg,2023,2,3,8:30,136,76,137,55,228,3,23,c_Unhealthy_for_Sensitive_Groups
5,Bengaluru,BENGR_UHFSG_2023-02-03-08.30-1-14.jpg,2023,2,3,8:30,136,76,137,55,228,3,23,c_Unhealthy_for_Sensitive_Groups
6,Bengaluru,BENGR_UHFSG_2023-02-03-08.30-1-15.jpg,2023,2,3,8:30,136,76,137,55,228,3,23,c_Unhealthy_for_Sensitive_Groups
7,Bengaluru,BENGR_UHFSG_2023-02-03-08.30-1-16.jpg,2023,2,3,8:30,136,76,137,55,228,3,23,c_Unhealthy_for_Sensitive_Groups
8,Bengaluru,BENGR_UHFSG_2023-02-03-08.30-1-17.jpg,2023,2,3,8:30,136,76,137,55,228,3,23,c_Unhealthy_for_Sensitive_Groups
9,Bengaluru,BENGR_UHFSG_2023-02-03-08.30-1-18.jpg,2023,2,3,8:30,136,76,137,55,228,3,23,c_Unhealthy_for_Sensitive_Groups
10,Bengaluru,BENGR_UHFSG_2023-02-03-08.30-1-19.jpg,2023,2,3,8:30,136,76,137,55,228,3,23,c_Unhealthy_for_Sensitive_Groups
11,Bengaluru,BENGR_UHFSG_2023-02-03-08.30-1-2.jpg,2023,2,3,8:30,136,76,137,55,228,3,23,c_Unhealthy_for_Sensitive_Groups
12,Bengaluru,BENGR_UHFSG_2023-02-03-08.30-1-20.jpg,2023,2,3,8:30,136,76,137,55,228,3,23,c_Unhealthy_for_Sensitive_Groups
13,Bengaluru,BENGR_UHFSG_2023-02-03-08.30-1-21.jpg,2023,2,3,8:30,136,76,137,55,228,3,23,c_Unhealthy_for_Sensitive_Groups
14,Bengaluru,BENGR_UHFSG_2023-02-03-08.30-1-22.jpg,2023,2,3,8:30,136,76,137,55,228,3,23,c_Unhealthy_for_Sensitive_Groups
15,Bengaluru,BENGR_UHFSG_2023-02-03-08.30-1-23.jpg,2023,2,3,8:30,136,76,137,55,228,3,23,c_Unhealthy_for_Sensitive_Groups
16,Bengaluru,BENGR_UHFSG_2023-02-03-08.30-1-24.jpg,2023,2,3,8:30,136,76,137,55,228,3,23,c_Unhealthy_for_Sensitive_Groups
17,Bengaluru,BENGR_UHFSG_2023-02-03-08.30-1-25.jpg,2023,2,3,8:30,136,76,137,55,228,3,23,c_Unhealthy_for_Sensitive_Groups
18,Bengaluru,BENGR_UHFSG_2023-02-03-08.30-1-26.jpg,2023,2,3,8:30,136,76,137,55,228,3,23,c_Unhealthy_for_Sensitive_Groups
19,Bengaluru,BENGR_UHFSG_2023-02-03-08.30-1-27.jpg,2023,2,3,8:30,136,76,137,55,228,3,23,c_Unhealthy_for_Sensitive_Groups
20,Bengaluru,BENGR_UHFSG_2023-02-03-08.30-1-28.jpg,2023,2,3,8:30,136,76,137,55,228,3,23,c_Unhealthy_for_Sensitive_Groups
21,Bengaluru,BENGR_UHFSG_2023-02-03-08.30-1-29.jpg,2023,2,3,8:30,136,76,137,55,228,3,23,c_Unhealthy_for_Sensitive_Groups
22,Bengaluru,BENGR_UHFSG_2023-02-03-08.30-1-3.jpg,2023,2,3,8:30,136,76,137,55,228,3,23,c_Unhealthy_for_Sensitive_Groups
23,Bengaluru,BENGR_UHFSG_2023-02-03-08.30-1-30.jpg,2023,2,3,8:30,136,76,137,55,228,3,23,c_Unhealthy_for_Sensitive_Groups
24,Bengaluru,BENGR_UHFSG_2023-02-03-08.30-1-31.jpg,2023,2,3,8:30,136,76,137,55,228,3,23,c_Unhealthy_for_Sensitive_Groups
25,Bengaluru,BENGR_UHFSG_2023-02-03-08.30-1-32.jpg,2023,2,3,8:30,136,76,137,55,228,3,23,c_Unhealthy_for_Sensitive_Groups
26,Bengaluru,BENGR_UHFSG_2023-02-03-08.30-1-33.jpg,2023,2,3,8:30,136,76,137,55,228,3,23,c_Unhealthy_for_Sensitive_Groups
27,Bengaluru,BENGR_UHFSG_2023-02-03-08.30-1-34.jpg,2023,2,3,8:30,136,76,137,55,228,3,23,c_Unhealthy_for_Sensitive_Groups
28,Bengaluru,BENGR_UHFSG_2023-02-03-08.30-1-35.jpg,2023,2,3,8:30,136,76,137,55,228,3,23,c_Unhealthy_for_Sensitive_Groups
29,Bengaluru,BENGR_UHFSG_2023-02-03-08.30-1-36.jpg,2023,2,3,8:30,136,76,137,55,228,3,23,c_Unhealthy_for_Sensitive_Groups
30,Bengaluru,BENGR_UHFSG_2023-02-03-08.30-1-37.jpg,2023,2,3,8:30,136,76,137,55,228,3,23,c_Unhealthy_for_Sensitive_Groups
31,Bengaluru,BENGR_UHFSG_2023-02-03-08.30-1-38.jpg,2023,2,3,8:30,136,76,137,55,228,3,23,c_Unhealthy_for_Sensitive_Groups
32,Bengaluru,BENGR_UHFSG_2023-02-03-08.30-1-39.jpg,2023,2,3,8:30,136,76,137,55,228,3,23,c_Unhealthy_for_Sensitive_Groups
33,Bengaluru,BENGR_UHFSG_2023-02-03-08.30-1-4.jpg,2023,2,3,8:30,136,76,137,55,228,3,23,c_Unhealthy_for_Sensitive_Groups
34,Bengaluru,BENGR_UHFSG_2023-02-03-08.30-1-40.jpg,2023,2,3,8:30,136,76,137,55,228,3,23,c_Unhealthy_for_Sensitive_Groups
35,Bengaluru,BENGR_UHFSG_2023-02-03-08.30-1-41.jpg,2023,2,3,8:30,136,76,137,55,228,3,23,c_Unhealthy_for_Sensitive_Groups
36,Bengaluru,BENGR_UHFSG_2023-02-03-08.30-1-42.jpg,2023,2,3,8:30,136,76,137,55,228,3,23,c_Unhealthy_for_Sensitive_Groups
37,Bengaluru,BENGR_UHFSG_2023-02-03-08.30-1-43.jpg,2023,2,3,8:30,136,76,137,55,228,3,23,c_Unhealthy_for_Sensitive_Groups
38,Bengaluru,BENGR_UHFSG_2023-02-03-08.30-1-44.jpg,2023,2,3,8:30,136,76,137,55,228,3,23,c_Unhealthy_for_Sensitive_Groups
39,Bengaluru,BENGR_UHFSG_2023-02-03-08.30-1-45.jpg,2023,2,3,8:30,136,76,137,55,228,3,23,c_Unhealthy_for_Sensitive_Groups
40,Bengaluru,BENGR_UHFSG_2023-02-03-08.30-1-46.jpg,2023,2,3,8:30,136,76,137,55,228,3,23,c_Unhealthy_for_Sensitive_Groups
41,Bengaluru,BENGR_UHFSG_2023-02-03-08.30-1-47.jpg,2023,2,3,8:30,136,76,137,55,228,3,23,c_Unhealthy_for_Sensitive_Groups
42,Bengaluru,BENGR_UHFSG_2023-02-03-08.30-1-48.jpg,2023,2,3,8:30,136,76,137,55,228,3,23,c_Unhealthy_for_Sensitive_Groups
43,Bengaluru,BENGR_UHFSG_2023-02-03-08.30-1-49.jpg,2023,2,3,8:30,136,76,137,55,228,3,23,c_Unhealthy_for_Sensitive_Groups
44,Bengaluru,BENGR_UHFSG_2023-02-03-08.30-1-5.jpg,2023,2,3,8:30,136,76,137,55,228,3,23,c_Unhealthy_for_Sensitive_Groups
45,Bengaluru,BENGR_UHFSG_2023-02-03-08.30-1-50.jpg,2023,2,3,8:30,136,76,137,55,228,3,23,c_Unhealthy_for_Sensitive_Groups
46,Bengaluru,BENGR_UHFSG_2023-02-03-08.30-1-51.jpg,2023,2,3,8:30,136,76,137,55,228,3,23,c_Unhealthy_for_Sensitive_Groups
47,Bengaluru,BENGR_UHFSG_2023-02-03-08.30-1-52.jpg,2023,2,3,8:30,136,76,137,55,228,3,23,c_Unhealthy_for_Sensitive_Groups
48,Bengaluru,BENGR_UHFSG_2023-02-03-08.30-1-53.jpg,2023,2,3,8:30,136,76,137,55,228,3,23,c_Unhealthy_for_Sensitive_Groups
49,Bengaluru,BENGR_UHFSG_2023-02-03-08.30-1-54.jpg,2023,2,3,8:30,136,76,137,55,228,3,23,c_Unhealthy_for_Sensitive_Groups
50,Bengaluru,BENGR_UHFSG_2023-02-03-08.30-1-6.jpg,2023,2,3,8:30,136,76,137,55,228,3,23,c_Unhealthy_for_Sensitive_Groups
51,Bengaluru,BENGR_UHFSG_2023-02-03-08.30-1-7.jpg,2023,2,3,8:30,136,76,137,55,228,3,23,c_Unhealthy_for_Sensitive_Groups
52,Bengaluru,BENGR_UHFSG_2023-02-03-08.30-1-8.jpg,2023,2,3,8:30,136,76,137,55,228,3,23,c_Unhealthy_for_Sensitive_Groups
53,Bengaluru,BENGR_UHFSG_2023-02-03-08.30-1-9.jpg,2023,2,3,8:30,136,76,137,55,228,3,23,c_Unhealthy_for_Sensitive_Groups
54,Bengaluru,BENGR_UHFSG_2023-02-05-08.30-1-1.jpg,2023,2,3,8:30,111,54,111,39,319,7,29,c_Unhealthy_for_Sensitive_Groups
55,Bengaluru,BENGR_UHFSG_2023-02-05-08.30-1-10.jpg,2023,2,3,8:30,111,54,111,39,319,7,29,c_Unhealthy_for_Sensitive_Groups
56,Bengaluru,BENGR_UHFSG_2023-02-05-08.30-1-11.jpg,2023,2,3,8:30,111,54,111,39,319,7,29,c_Unhealthy_for_Sensitive_Groups
57,Bengaluru,BENGR_UHFSG_2023-02-05-08.30-1-12.jpg,2023,2,3,8:30,111,54,111,39,319,7,29,c_Unhealthy_for_Sensitive_Groups
58,Bengaluru,BENGR_UHFSG_2023-02-05-08.30-1-13.jpg,2023,2,3,8:30,111,54,111,39,319,7,29,c_Unhealthy_for_Sensitive_Groups
59,Bengaluru,BENGR_UHFSG_2023-02-05-08.30-1-14.jpg,2023,2,3,8:30,111,54,111,39,319,7,29,c_Unhealthy_for_Sensitive_Groups
60,Bengaluru,BENGR_UHFSG_2023-02-05-08.30-1-15.jpg,2023,2,3,8:30,111,54,111,39,319,7,29,c_Unhealthy_for_Sensitive_Groups
61,Bengaluru,BENGR_UHFSG_2023-02-05-08.30-1-16.jpg,2023,2,3,8:30,111,54,111,39,319,7,29,c_Unhealthy_for_Sensitive_Groups
62,Bengaluru,BENGR_UHFSG_2023-02-05-08.30-1-17.jpg,2023,2,3,8:30,111,54,111,39,319,7,29,c_Unhealthy_for_Sensitive_Groups
63,Bengaluru,BENGR_UHFSG_2023-02-05-08.30-1-18.jpg,2023,2,3,8:30,111,54,111,39,319,7,29,c_Unhealthy_for_Sensitive_Groups
64,Bengaluru,BENGR_UHFSG_2023-02-05-08.30-1-19.jpg,2023,2,3,8:30,111,54,111,39,319,7,29,c_Unhealthy_for_Sensitive_Groups
65,Bengaluru,BENGR_UHFSG_2023-02-05-08.30-1-2.jpg,2023,2,3,8:30,111,54,111,39,319,7,29,c_Unhealthy_for_Sensitive_Groups
66,Bengaluru,BENGR_UHFSG_2023-02-05-08.30-1-20.jpg,2023,2,3,8:30,111,54,111,39,319,7,29,c_Unhealthy_for_Sensitive_Groups
67,Bengaluru,BENGR_UHFSG_2023-02-05-08.30-1-21.jpg,2023,2,3,8:30,111,54,111,39,319,7,29,c_Unhealthy_for_Sensitive_Groups
68,Bengaluru,BENGR_UHFSG_2023-02-05-08.30-1-22.jpg,2023,2,3,8:30,111,54,111,39,319,7,29,c_Unhealthy_for_Sensitive_Groups
69,Bengaluru,BENGR_UHFSG_2023-02-05-08.30-1-23.jpg,2023,2,3,8:30,111,54,111,39,319,7,29,c_Unhealthy_for_Sensitive_Groups
70,Bengaluru,BENGR_UHFSG_2023-02-05-08.30-1-24.jpg,2023,2,3,8:30,111,54,111,39,319,7,29,c_Unhealthy_for_Sensitive_Groups
71,Bengaluru,BENGR_UHFSG_2023-02-05-08.30-1-25.jpg,2023,2,3,8:30,111,54,111,39,319,7,29,c_Unhealthy_for_Sensitive_Groups
72,Bengaluru,BENGR_UHFSG_2023-02-05-08.30-1-26.jpg,2023,2,3,8:30,111,54,111,39,319,7,29,c_Unhealthy_for_Sensitive_Groups
73,Bengaluru,BENGR_UHFSG_2023-02-05-08.30-1-27.jpg,2023,2,3,8:30,111,54,111,39,319,7,29,c_Unhealthy_for_Sensitive_Groups
74,Bengaluru,BENGR_UHFSG_2023-02-05-08.30-1-28.jpg,2023,2,3,8:30,111,54,111,39,319,7,29,c_Unhealthy_for_Sensitive_Groups
75,Bengaluru,BENGR_UHFSG_2023-02-05-08.30-1-29.jpg,2023,2,3,8:30,111,54,111,39,319,7,29,c_Unhealthy_for_Sensitive_Groups
76,Bengaluru,BENGR_UHFSG_2023-02-05-08.30-1-3.jpg,2023,2,3,8:30,111,54,111,39,319,7,29,c_Unhealthy_for_Sensitive_Groups
77,Bengaluru,BENGR_UHFSG_2023-02-05-08.30-1-30.jpg,2023,2,3,8:30,111,54,111,39,319,7,29,c_Unhealthy_for_Sensitive_Groups
78,Bengaluru,BENGR_UHFSG_2023-02-05-08.30-1-31.jpg,2023,2,3,8:30,111,54,111,39,319,7,29,c_Unhealthy_for_Sensitive_Groups
79,Bengaluru,BENGR_UHFSG_2023-02-05-08.30-1-32.jpg,2023,2,3,8:30,111,54,111,39,319,7,29,c_Unhealthy_for_Sensitive_Groups
80,Bengaluru,BENGR_UHFSG_2023-02-05-08.30-1-33.jpg,2023,2,3,8:30,111,54,111,39,319,7,29,c_Unhealthy_for_Sensitive_Groups
81,Bengaluru,BENGR_UHFSG_2023-02-05-08.30-1-34.jpg,2023,2,3,8:30,111,54,111,39,319,7,29,c_Unhealthy_for_Sensitive_Groups
82,Bengaluru,BENGR_UHFSG_2023-02-05-08.30-1-35.jpg,2023,2,3,8:30,111,54,111,39,319,7,29,c_Unhealthy_for_Sensitive_Groups
83,Bengaluru,BENGR_UHFSG_2023-02-05-08.30-1-36.jpg,2023,2,3,8:30,111,54,111,39,319,7,29,c_Unhealthy_for_Sensitive_Groups
84,Bengaluru,BENGR_UHFSG_2023-02-05-08.30-1-37.jpg,2023,2,3,8:30,111,54,111,39,319,7,29,c_Unhealthy_for_Sensitive_Groups
85,Bengaluru,BENGR_UHFSG_2023-02-05-08.30-1-38.jpg,2023,2,3,8:30,111,54,111,39,319,7,29,c_Unhealthy_for_Sensitive_Groups
86,Bengaluru,BENGR_UHFSG_2023-02-05-08.30-1-39.jpg,2023,2,3,8:30,111,54,111,39,319,7,29,c_Unhealthy_for_Sensitive_Groups
87,Bengaluru,BENGR_UHFSG_2023-02-05-08.30-1-4.jpg,2023,2,3,8:30,111,54,111,39,319,7,29,c_Unhealthy_for_Sensitive_Groups
88,Bengaluru,BENGR_UHFSG_2023-02-05-08.30-1-40.jpg,2023,2,3,8:30,111,54,111,39,319,7,29,c_Unhealthy_for_Sensitive_Groups
89,Bengaluru,BENGR_UHFSG_2023-02-05-08.30-1-41.jpg,2023,2,3,8:30,111,54,111,39,319,7,29,c_Unhealthy_for_Sensitive_Groups
90,Bengaluru,BENGR_UHFSG_2023-02-05-08.30-1-42.jpg,2023,2,3,8:30,111,54,111,39,319,7,29,c_Unhealthy_for_Sensitive_Groups
91,Bengaluru,BENGR_UHFSG_2023-02-05-08.30-1-43.jpg,2023,2,3,8:30,111,54,111,39,319,7,29,c_Unhealthy_for_Sensitive_Groups
92,Bengaluru,BENGR_UHFSG_2023-02-05-08.30-1-44.jpg,2023,2,3,8:30,111,54,111,39,319,7,29,c_Unhealthy_for_Sensitive_Groups
93,Bengaluru,BENGR_UHFSG_2023-02-05-08.30-1-45.jpg,2023,2,3,8:30,111,54,111,39,319,7,29,c_Unhealthy_for_Sensitive_Groups
94,Bengaluru,BENGR_UHFSG_2023-02-05-08.30-1-46.jpg,2023,2,3,8:30,111,54,111,39,319,7,29,c_Unhealthy_for_Sensitive_Groups
95,Bengaluru,BENGR_UHFSG_2023-02-05-08.30-1-47.jpg,2023,2,3,8:30,111,54,111,39,319,7,29,c_Unhealthy_for_Sensitive_Groups
96,Bengaluru,BENGR_UHFSG_2023-02-05-08.30-1-48.jpg,2023,2,3,8:30,111,54,111,39,319,7,29,c_Unhealthy_for_Sensitive_Groups
97,Bengaluru,BENGR_UHFSG_2023-02-05-08.30-1-49.jpg,2023,2,3,8:30,111,54,111,39,319,7,29,c_Unhealthy_for_Sensitive_Groups
98,Bengaluru,BENGR_UHFSG_2023-02-05-08.30-1-5.jpg,2023,2,3,8:30,111,54,111,39,319,7,29,c_Unhealthy_for_Sensitive_Groups
99,Bengaluru,BENGR_UHFSG_2023-02-05-08.30-1-50.jpg,2023,2,3,8:30,111,54,111,39,319,7,29,c_Unhealthy_for_Sensitive_Groups
100,Bengaluru,BENGR_UHFSG_2023-02-05-08.30-1-51.jpg,2023,2,3,8:30,111,54,111,39,319,7,29,c_Unhealthy_for_Sensitive_Groups
101,Bengaluru,BENGR_UHFSG_2023-02-05-08.30-1-52.jpg,2023,2,3,8:30,111,54,111,39,319,7,29,c_Unhealthy_for_Sensitive_Groups
102,Bengaluru,BENGR_UHFSG_2023-02-05-08.30-1-53.jpg,2023,2,3,8:30,111,54,111,39,319,7,29,c_Unhealthy_for_Sensitive_Groups
103,Bengaluru,BENGR_UHFSG_2023-02-05-08.30-1-54.jpg,2023,2,3,8:30,111,54,111,39,319,7,29,c_Unhealthy_for_Sensitive_Groups
104,Bengaluru,BENGR_UHFSG_2023-02-05-08.30-1-55.jpg,2023,2,3,8:30,111,54,111,39,319,7,29,c_Unhealthy_for_Sensitive_Groups
105,Bengaluru,BENGR_UHFSG_2023-02-05-08.30-1-56.jpg,2023,2,3,8:30,111,54,111,39,319,7,29,c_Unhealthy_for_Sensitive_Groups
106,Bengaluru,BENGR_UHFSG_2023-02-05-08.30-1-57.jpg,2023,2,3,8:30,111,54,111,39,319,7,29,c_Unhealthy_for_Sensitive_Groups
107,Bengaluru,BENGR_UHFSG_2023-02-05-08.30-1-58.jpg,2023,2,3,8:30,111,54,111,39,319,7,29,c_Unhealthy_for_Sensitive_Groups
108,Bengaluru,BENGR_UHFSG_2023-02-05-08.30-1-59.jpg,2023,2,3,8:30,111,54,111,39,319,7,29,c_Unhealthy_for_Sensitive_Groups
109,Bengaluru,BENGR_UHFSG_2023-02-05-08.30-1-6.jpg,2023,2,3,8:30,111,54,111,39,319,7,29,c_Unhealthy_for_Sensitive_Groups
110,Bengaluru,BENGR_UHFSG_2023-02-05-08.30-1-60.jpg,2023,2,3,8:30,111,54,111,39,319,7,29,c_Unhealthy_for_Sensitive_Groups
111,Bengaluru,BENGR_UHFSG_2023-02-05-08.30-1-61.jpg,2023,2,3,8:30,111,54,111,39,319,7,29,c_Unhealthy_for_Sensitive_Groups
112,Bengaluru,BENGR_UHFSG_2023-02-05-08.30-1-62.jpg,2023,2,3,8:30,111,54,111,39,319,7,29,c_Unhealthy_for_Sensitive_Groups
113,Bengaluru,BENGR_UHFSG_2023-02-05-08.30-1-63.jpg,2023,2,3,8:30,111,54,111,39,319,7,29,c_Unhealthy_for_Sensitive_Groups
114,Bengaluru,BENGR_UHFSG_2023-02-05-08.30-1-7.jpg,2023,2,3,8:30,111,54,111,39,319,7,29,c_Unhealthy_for_Sensitive_Groups
115,Bengaluru,BENGR_UHFSG_2023-02-05-08.30-1-8.jpg,2023,2,3,8:30,111,54,111,39,319,7,29,c_Unhealthy_for_Sensitive_Groups
116,Bengaluru,BENGR_UHFSG_2023-02-05-08.30-1-9.jpg,2023,2,3,8:30,111,54,111,39,319,7,29,c_Unhealthy_for_Sensitive_Groups
117,Bengaluru,BENGR_UHFSG_2023-02-09-08.30-1-1.jpg,2023,2,9,8:30,103,44,80,28,286,14,29,c_Unhealthy_for_Sensitive_Groups
118,Bengaluru,BENGR_UHFSG_2023-02-09-08.30-1-10.jpg,2023,2,9,8:30,103,44,80,28,286,14,29,c_Unhealthy_for_Sensitive_Groups
119,Bengaluru,BENGR_UHFSG_2023-02-09-08.30-1-11.jpg,2023,2,9,8:30,103,44,80,28,286,14,29,c_Unhealthy_for_Sensitive_Groups
120,Bengaluru,BENGR_UHFSG_2023-02-09-08.30-1-12.jpg,2023,2,9,8:30,103,44,80,28,286,14,29,c_Unhealthy_for_Sensitive_Groups
121,Bengaluru,BENGR_UHFSG_2023-02-09-08.30-1-13.jpg,2023,2,9,8:30,103,44,80,28,286,14,29,c_Unhealthy_for_Sensitive_Groups
122,Bengaluru,BENGR_UHFSG_2023-02-09-08.30-1-14.jpg,2023,2,9,8:30,103,44,80,28,286,14,29,c_Unhealthy_for_Sensitive_Groups
123,Bengaluru,BENGR_UHFSG_2023-02-09-08.30-1-15.jpg,2023,2,9,8:30,103,44,80,28,286,14,29,c_Unhealthy_for_Sensitive_Groups
124,Bengaluru,BENGR_UHFSG_2023-02-09-08.30-1-16.jpg,2023,2,9,8:30,103,44,80,28,286,14,29,c_Unhealthy_for_Sensitive_Groups
125,Bengaluru,BENGR_UHFSG_2023-02-09-08.30-1-17.jpg,2023,2,9,8:30,103,44,80,28,286,14,29,c_Unhealthy_for_Sensitive_Groups
126,Bengaluru,BENGR_UHFSG_2023-02-09-08.30-1-18.jpg,2023,2,9,8:30,103,44,80,28,286,14,29,c_Unhealthy_for_Sensitive_Groups
127,Bengaluru,BENGR_UHFSG_2023-02-09-08.30-1-19.jpg,2023,2,9,8:30,103,44,80,28,286,14,29,c_Unhealthy_for_Sensitive_Groups
128,Bengaluru,BENGR_UHFSG_2023-02-09-08.30-1-2.jpg,2023,2,9,8:30,103,44,80,28,286,14,29,c_Unhealthy_for_Sensitive_Groups
129,Bengaluru,BENGR_UHFSG_2023-02-09-08.30-1-20.jpg,2023,2,9,8:30,103,44,80,28,286,14,29,c_Unhealthy_for_Sensitive_Groups
130,Bengaluru,BENGR_UHFSG_2023-02-09-08.30-1-21.jpg,2023,2,9,8:30,103,44,80,28,286,14,29,c_Unhealthy_for_Sensitive_Groups
131,Bengaluru,BENGR_UHFSG_2023-02-09-08.30-1-22.jpg,2023,2,9,8:30,103,44,80,28,286,14,29,c_Unhealthy_for_Sensitive_Groups
132,Bengaluru,BENGR_UHFSG_2023-02-09-08.30-1-23.jpg,2023,2,9,8:30,103,44,80,28,286,14,29,c_Unhealthy_for_Sensitive_Groups
133,Bengaluru,BENGR_UHFSG_2023-02-09-08.30-1-24.jpg,2023,2,9,8:30,103,44,80,28,286,14,29,c_Unhealthy_for_Sensitive_Groups
134,Bengaluru,BENGR_UHFSG_2023-02-09-08.30-1-25.jpg,2023,2,9,8:30,103,44,80,28,286,14,29,c_Unhealthy_for_Sensitive_Groups
135,Bengaluru,BENGR_UHFSG_2023-02-09-08.30-1-26.jpg,2023,2,9,8:30,103,44,80,28,286,14,29,c_Unhealthy_for_Sensitive_Groups
136,Bengaluru,BENGR_UHFSG_2023-02-09-08.30-1-27.jpg,2023,2,9,8:30,103,44,80,28,286,14,29,c_Unhealthy_for_Sensitive_Groups
137,Bengaluru,BENGR_UHFSG_2023-02-09-08.30-1-28.jpg,2023,2,9,8:30,103,44,80,28,286,14,29,c_Unhealthy_for_Sensitive_Groups
138,Bengaluru,BENGR_UHFSG_2023-02-09-08.30-1-29.jpg,2023,2,9,8:30,103,44,80,28,286,14,29,c_Unhealthy_for_Sensitive_Groups
139,Bengaluru,BENGR_UHFSG_2023-02-09-08.30-1-3.jpg,2023,2,9,8:30,103,44,80,28,286,14,29,c_Unhealthy_for_Sensitive_Groups
140,Bengaluru,BENGR_UHFSG_2023-02-09-08.30-1-30.jpg,2023,2,9,8:30,103,44,80,28,286,14,29,c_Unhealthy_for_Sensitive_Groups
141,Bengaluru,BENGR_UHFSG_2023-02-09-08.30-1-31.jpg,2023,2,9,8:30,103,44,80,28,286,14,29,c_Unhealthy_for_Sensitive_Groups
142,Bengaluru,BENGR_UHFSG_2023-02-09-08.30-1-32.jpg,2023,2,9,8:30,103,44,80,28,286,14,29,c_Unhealthy_for_Sensitive_Groups
143,Bengaluru,BENGR_UHFSG_2023-02-09-08.30-1-33.jpg,2023,2,9,8:30,103,44,80,28,286,14,29,c_Unhealthy_for_Sensitive_Groups
144,Bengaluru,BENGR_UHFSG_2023-02-09-08.30-1-34.jpg,2023,2,9,8:30,103,44,80,28,286,14,29,c_Unhealthy_for_Sensitive_Groups
145,Bengaluru,BENGR_UHFSG_2023-02-09-08.30-1-35.jpg,2023,2,9,8:30,103,44,80,28,286,14,29,c_Unhealthy_for_Sensitive_Groups
146,Bengaluru,BENGR_UHFSG_2023-02-09-08.30-1-36.jpg,2023,2,9,8:30,103,44,80,28,286,14,29,c_Unhealthy_for_Sensitive_Groups
147,Bengaluru,BENGR_UHFSG_2023-02-09-08.30-1-37.jpg,2023,2,9,8:30,103,44,80,28,286,14,29,c_Unhealthy_for_Sensitive_Groups
148,Bengaluru,BENGR_UHFSG_2023-02-09-08.30-1-38.jpg,2023,2,9,8:30,103,44,80,28,286,14,29,c_Unhealthy_for_Sensitive_Groups
149,Bengaluru,BENGR_UHFSG_2023-02-09-08.30-1-39.jpg,2023,2,9,8:30,103,44,80,28,286,14,29,c_Unhealthy_for_Sensitive_Groups
150,Bengaluru,BENGR_UHFSG_2023-02-09-08.30-1-4.jpg,2023,2,9,8:30,103,44,80,28,286,14,29,c_Unhealthy_for_Sensitive_Groups
151,Bengaluru,BENGR_UHFSG_2023-02-09-08.30-1-40.jpg,2023,2,9,8:30,103,44,80,28,286,14,29,c_Unhealthy_for_Sensitive_Groups
152,Bengaluru,BENGR_UHFSG_2023-02-09-08.30-1-41.jpg,2023,2,9,8:30,103,44,80,28,286,14,29,c_Unhealthy_for_Sensitive_Groups
153,Bengaluru,BENGR_UHFSG_2023-02-09-08.30-1-42.jpg,2023,2,9,8:30,103,44,80,28,286,14,29,c_Unhealthy_for_Sensitive_Groups
154,Bengaluru,BENGR_UHFSG_2023-02-09-08.30-1-43.jpg,2023,2,9,8:30,103,44,80,28,286,14,29,c_Unhealthy_for_Sensitive_Groups
155,Bengaluru,BENGR_UHFSG_2023-02-09-08.30-1-44.jpg,2023,2,9,8:30,103,44,80,28,286,14,29,c_Unhealthy_for_Sensitive_Groups
156,Bengaluru,BENGR_UHFSG_2023-02-09-08.30-1-45.jpg,2023,2,9,8:30,103,44,80,28,286,14,29,c_Unhealthy_for_Sensitive_Groups
157,Bengaluru,BENGR_UHFSG_2023-02-09-08.30-1-46.jpg,2023,2,9,8:30,103,44,80,28,286,14,29,c_Unhealthy_for_Sensitive_Groups
158,Bengaluru,BENGR_UHFSG_2023-02-09-08.30-1-47.jpg,2023,2,9,8:30,103,44,80,28,286,14,29,c_Unhealthy_for_Sensitive_Groups
159,Bengaluru,BENGR_UHFSG_2023-02-09-08.30-1-48.jpg,2023,2,9,8:30,103,44,80,28,286,14,29,c_Unhealthy_for_Sensitive_Groups
160,Bengaluru,BENGR_UHFSG_2023-02-09-08.30-1-49.jpg,2023,2,9,8:30,103,44,80,28,286,14,29,c_Unhealthy_for_Sensitive_Groups
161,Bengaluru,BENGR_UHFSG_2023-02-09-08.30-1-5.jpg,2023,2,9,8:30,103,44,80,28,286,14,29,c_Unhealthy_for_Sensitive_Groups
162,Bengaluru,BENGR_UHFSG_2023-02-09-08.30-1-6.jpg,2023,2,9,8:30,103,44,80,28,286,14,29,c_Unhealthy_for_Sensitive_Groups
163,Bengaluru,BENGR_UHFSG_2023-02-09-08.30-1-7.jpg,2023,2,9,8:30,103,44,80,28,286,14,29,c_Unhealthy_for_Sensitive_Groups
164,Bengaluru,BENGR_UHFSG_2023-02-09-08.30-1-8.jpg,2023,2,9,8:30,103,44,80,28,286,14,29,c_Unhealthy_for_Sensitive_Groups
165,Bengaluru,BENGR_UHFSG_2023-02-09-08.30-1-9.jpg,2023,2,9,8:30,103,44,80,28,286,14,29,c_Unhealthy_for_Sensitive_Groups
166,Bengaluru,BENGR_UHFSG_2023-02-14-08.30-1-1.jpg,2023,2,14,8:30,102,47,83,24,260,15,20,c_Unhealthy_for_Sensitive_Groups
167,Bengaluru,BENGR_UHFSG_2023-02-14-08.30-1-10.jpg,2023,2,14,8:30,102,47,83,24,260,15,20,c_Unhealthy_for_Sensitive_Groups
168,Bengaluru,BENGR_UHFSG_2023-02-14-08.30-1-11.jpg,2023,2,14,8:30,102,47,83,24,260,15,20,c_Unhealthy_for_Sensitive_Groups
169,Bengaluru,BENGR_UHFSG_2023-02-14-08.30-1-12.jpg,2023,2,14,8:30,102,47,83,24,260,15,20,c_Unhealthy_for_Sensitive_Groups
170,Bengaluru,BENGR_UHFSG_2023-02-14-08.30-1-13.jpg,2023,2,14,8:30,102,47,83,24,260,15,20,c_Unhealthy_for_Sensitive_Groups
171,Bengaluru,BENGR_UHFSG_2023-02-14-08.30-1-14.jpg,2023,2,14,8:30,102,47,83,24,260,15,20,c_Unhealthy_for_Sensitive_Groups
172,Bengaluru,BENGR_UHFSG_2023-02-14-08.30-1-15.jpg,2023,2,14,8:30,102,47,83,24,260,15,20,c_Unhealthy_for_Sensitive_Groups
173,Bengaluru,BENGR_UHFSG_2023-02-14-08.30-1-16.jpg,2023,2,14,8:30,102,47,83,24,260,15,20,c_Unhealthy_for_Sensitive_Groups
174,Bengaluru,BENGR_UHFSG_2023-02-14-08.30-1-17.jpg,2023,2,14,8:30,102,47,83,24,260,15,20,c_Unhealthy_for_Sensitive_Groups
175,Bengaluru,BENGR_UHFSG_2023-02-14-08.30-1-18.jpg,2023,2,14,8:30,102,47,83,24,260,15,20,c_Unhealthy_for_Sensitive_Groups
176,Bengaluru,BENGR_UHFSG_2023-02-14-08.30-1-19.jpg,2023,2,14,8:30,102,47,83,24,260,15,20,c_Unhealthy_for_Sensitive_Groups
177,Bengaluru,BENGR_UHFSG_2023-02-14-08.30-1-2.jpg,2023,2,14,8:30,102,47,83,24,260,15,20,c_Unhealthy_for_Sensitive_Groups
178,Bengaluru,BENGR_UHFSG_2023-02-14-08.30-1-20.jpg,2023,2,14,8:30,102,47,83,24,260,15,20,c_Unhealthy_for_Sensitive_Groups
179,Bengaluru,BENGR_UHFSG_2023-02-14-08.30-1-21.jpg,2023,2,14,8:30,102,47,83,24,260,15,20,c_Unhealthy_for_Sensitive_Groups
180,Bengaluru,BENGR_UHFSG_2023-02-14-08.30-1-22.jpg,2023,2,14,8:30,102,47,83,24,260,15,20,c_Unhealthy_for_Sensitive_Groups
181,Bengaluru,BENGR_UHFSG_2023-02-14-08.30-1-23.jpg,2023,2,14,8:30,102,47,83,24,260,15,20,c_Unhealthy_for_Sensitive_Groups
182,Bengaluru,BENGR_UHFSG_2023-02-14-08.30-1-3.jpg,2023,2,14,8:30,102,47,83,24,260,15,20,c_Unhealthy_for_Sensitive_Groups
183,Bengaluru,BENGR_UHFSG_2023-02-14-08.30-1-4.jpg,2023,2,14,8:30,102,47,83,24,260,15,20,c_Unhealthy_for_Sensitive_Groups
184,Bengaluru,BENGR_UHFSG_2023-02-14-08.30-1-5.jpg,2023,2,14,8:30,102,47,83,24,260,15,20,c_Unhealthy_for_Sensitive_Groups
185,Bengaluru,BENGR_UHFSG_2023-02-14-08.30-1-6.jpg,2023,2,14,8:30,102,47,83,24,260,15,20,c_Unhealthy_for_Sensitive_Groups
186,Bengaluru,BENGR_UHFSG_2023-02-14-08.30-1-7.jpg,2023,2,14,8:30,102,47,83,24,260,15,20,c_Unhealthy_for_Sensitive_Groups
187,Bengaluru,BENGR_UHFSG_2023-02-14-08.30-1-8.jpg,2023,2,14,8:30,102,47,83,24,260,15,20,c_Unhealthy_for_Sensitive_Groups
188,Bengaluru,BENGR_UHFSG_2023-02-14-08.30-1-9.jpg,2023,2,14,8:30,102,47,83,24,260,15,20,c_Unhealthy_for_Sensitive_Groups
189,Bengaluru,BENGR_UHFSG_2023-02-15-14.30-1-1.jpg,2023,2,15,14:30,103,51,99,55,175,6,21,c_Unhealthy_for_Sensitive_Groups
190,Bengaluru,BENGR_UHFSG_2023-02-15-14.30-1-10.jpg,2023,2,15,14:30,103,51,99,55,175,6,21,c_Unhealthy_for_Sensitive_Groups
191,Bengaluru,BENGR_UHFSG_2023-02-15-14.30-1-11.jpg,2023,2,15,14:30,103,51,99,55,175,6,21,c_Unhealthy_for_Sensitive_Groups
192,Bengaluru,BENGR_UHFSG_2023-02-15-14.30-1-12.jpg,2023,2,15,14:30,103,51,99,55,175,6,21,c_Unhealthy_for_Sensitive_Groups
193,Bengaluru,BENGR_UHFSG_2023-02-15-14.30-1-13.jpg,2023,2,15,14:30,103,51,99,55,175,6,21,c_Unhealthy_for_Sensitive_Groups
194,Bengaluru,BENGR_UHFSG_2023-02-15-14.30-1-14.jpg,2023,2,15,14:30,103,51,99,55,175,6,21,c_Unhealthy_for_Sensitive_Groups
195,Bengaluru,BENGR_UHFSG_2023-02-15-14.30-1-15.jpg,2023,2,15,14:30,103,51,99,55,175,6,21,c_Unhealthy_for_Sensitive_Groups
196,Bengaluru,BENGR_UHFSG_2023-02-15-14.30-1-16.jpg,2023,2,15,14:30,103,51,99,55,175,6,21,c_Unhealthy_for_Sensitive_Groups
197,Bengaluru,BENGR_UHFSG_2023-02-15-14.30-1-17.jpg,2023,2,15,14:30,103,51,99,55,175,6,21,c_Unhealthy_for_Sensitive_Groups
198,Bengaluru,BENGR_UHFSG_2023-02-15-14.30-1-18.jpg,2023,2,15,14:30,103,51,99,55,175,6,21,c_Unhealthy_for_Sensitive_Groups
199,Bengaluru,BENGR_UHFSG_2023-02-15-14.30-1-19.jpg,2023,2,15,14:30,103,51,99,55,175,6,21,c_Unhealthy_for_Sensitive_Groups
200,Bengaluru,BENGR_UHFSG_2023-02-15-14.30-1-2.jpg,2023,2,15,14:30,103,51,99,55,175,6,21,c_Unhealthy_for_Sensitive_Groups
201,Bengaluru,BENGR_UHFSG_2023-02-15-14.30-1-20.jpg,2023,2,15,14:30,103,51,99,55,175,6,21,c_Unhealthy_for_Sensitive_Groups
202,Bengaluru,BENGR_UHFSG_2023-02-15-14.30-1-21.jpg,2023,2,15,14:30,103,51,99,55,175,6,21,c_Unhealthy_for_Sensitive_Groups
203,Bengaluru,BENGR_UHFSG_2023-02-15-14.30-1-22.jpg,2023,2,15,14:30,103,51,99,55,175,6,21,c_Unhealthy_for_Sensitive_Groups
204,Bengaluru,BENGR_UHFSG_2023-02-15-14.30-1-23.jpg,2023,2,15,14:30,103,51,99,55,175,6,21,c_Unhealthy_for_Sensitive_Groups
205,Bengaluru,BENGR_UHFSG_2023-02-15-14.30-1-24.jpg,2023,2,15,14:30,103,51,99,55,175,6,21,c_Unhealthy_for_Sensitive_Groups
206,Bengaluru,BENGR_UHFSG_2023-02-15-14.30-1-25.jpg,2023,2,15,14:30,103,51,99,55,175,6,21,c_Unhealthy_for_Sensitive_Groups
207,Bengaluru,BENGR_UHFSG_2023-02-15-14.30-1-26.jpg,2023,2,15,14:30,103,51,99,55,175,6,21,c_Unhealthy_for_Sensitive_Groups
208,Bengaluru,BENGR_UHFSG_2023-02-15-14.30-1-27.jpg,2023,2,15,14:30,103,51,99,55,175,6,21,c_Unhealthy_for_Sensitive_Groups
209,Bengaluru,BENGR_UHFSG_2023-02-15-14.30-1-28.jpg,2023,2,15,14:30,103,51,99,55,175,6,21,c_Unhealthy_for_Sensitive_Groups
210,Bengaluru,BENGR_UHFSG_2023-02-15-14.30-1-29.jpg,2023,2,15,14:30,103,51,99,55,175,6,21,c_Unhealthy_for_Sensitive_Groups
211,Bengaluru,BENGR_UHFSG_2023-02-15-14.30-1-3.jpg,2023,2,15,14:30,103,51,99,55,175,6,21,c_Unhealthy_for_Sensitive_Groups
212,Bengaluru,BENGR_UHFSG_2023-02-15-14.30-1-30.jpg,2023,2,15,14:30,103,51,99,55,175,6,21,c_Unhealthy_for_Sensitive_Groups
213,Bengaluru,BENGR_UHFSG_2023-02-15-14.30-1-31.jpg,2023,2,15,14:30,103,51,99,55,175,6,21,c_Unhealthy_for_Sensitive_Groups
214,Bengaluru,BENGR_UHFSG_2023-02-15-14.30-1-32.jpg,2023,2,15,14:30,103,51,99,55,175,6,21,c_Unhealthy_for_Sensitive_Groups
215,Bengaluru,BENGR_UHFSG_2023-02-15-14.30-1-33.jpg,2023,2,15,14:30,103,51,99,55,175,6,21,c_Unhealthy_for_Sensitive_Groups
216,Bengaluru,BENGR_UHFSG_2023-02-15-14.30-1-34.jpg,2023,2,15,14:30,103,51,99,55,175,6,21,c_Unhealthy_for_Sensitive_Groups
217,Bengaluru,BENGR_UHFSG_2023-02-15-14.30-1-35.jpg,2023,2,15,14:30,103,51,99,55,175,6,21,c_Unhealthy_for_Sensitive_Groups
218,Bengaluru,BENGR_UHFSG_2023-02-15-14.30-1-36.jpg,2023,2,15,14:30,103,51,99,55,175,6,21,c_Unhealthy_for_Sensitive_Groups
219,Bengaluru,BENGR_UHFSG_2023-02-15-14.30-1-37.jpg,2023,2,15,14:30,103,51,99,55,175,6,21,c_Unhealthy_for_Sensitive_Groups
220,Bengaluru,BENGR_UHFSG_2023-02-15-14.30-1-38.jpg,2023,2,15,14:30,103,51,99,55,175,6,21,c_Unhealthy_for_Sensitive_Groups
221,Bengaluru,BENGR_UHFSG_2023-02-15-14.30-1-39.jpg,2023,2,15,14:30,103,51,99,55,175,6,21,c_Unhealthy_for_Sensitive_Groups
222,Bengaluru,BENGR_UHFSG_2023-02-15-14.30-1-4.jpg,2023,2,15,14:30,103,51,99,55,175,6,21,c_Unhealthy_for_Sensitive_Groups
223,Bengaluru,BENGR_UHFSG_2023-02-15-14.30-1-40.jpg,2023,2,15,14:30,103,51,99,55,175,6,21,c_Unhealthy_for_Sensitive_Groups
224,Bengaluru,BENGR_UHFSG_2023-02-15-14.30-1-41.jpg,2023,2,15,14:30,103,51,99,55,175,6,21,c_Unhealthy_for_Sensitive_Groups
225,Bengaluru,BENGR_UHFSG_2023-02-15-14.30-1-42.jpg,2023,2,15,14:30,103,51,99,55,175,6,21,c_Unhealthy_for_Sensitive_Groups
226,Bengaluru,BENGR_UHFSG_2023-02-15-14.30-1-43.jpg,2023,2,15,14:30,103,51,99,55,175,6,21,c_Unhealthy_for_Sensitive_Groups
227,Bengaluru,BENGR_UHFSG_2023-02-15-14.30-1-44.jpg,2023,2,15,14:30,103,51,99,55,175,6,21,c_Unhealthy_for_Sensitive_Groups
228,Bengaluru,BENGR_UHFSG_2023-02-15-14.30-1-45.jpg,2023,2,15,14:30,103,51,99,55,175,6,21,c_Unhealthy_for_Sensitive_Groups
229,Bengaluru,BENGR_UHFSG_2023-02-15-14.30-1-46.jpg,2023,2,15,14:30,103,51,99,55,175,6,21,c_Unhealthy_for_Sensitive_Groups
230,Bengaluru,BENGR_UHFSG_2023-02-15-14.30-1-47.jpg,2023,2,15,14:30,103,51,99,55,175,6,21,c_Unhealthy_for_Sensitive_Groups
231,Bengaluru,BENGR_UHFSG_2023-02-15-14.30-1-48.jpg,2023,2,15,14:30,103,51,99,55,175,6,21,c_Unhealthy_for_Sensitive_Groups
232,Bengaluru,BENGR_UHFSG_2023-02-15-14.30-1-49.jpg,2023,2,15,14:30,103,51,99,55,175,6,21,c_Unhealthy_for_Sensitive_Groups
233,Bengaluru,BENGR_UHFSG_2023-02-15-14.30-1-5.jpg,2023,2,15,14:30,103,51,99,55,175,6,21,c_Unhealthy_for_Sensitive_Groups
234,Bengaluru,BENGR_UHFSG_2023-02-15-14.30-1-50.jpg,2023,2,15,14:30,103,51,99,55,175,6,21,c_Unhealthy_for_Sensitive_Groups
235,Bengaluru,BENGR_UHFSG_2023-02-15-14.30-1-6.jpg,2023,2,15,14:30,103,51,99,55,175,6,21,c_Unhealthy_for_Sensitive_Groups
236,Bengaluru,BENGR_UHFSG_2023-02-15-14.30-1-7.jpg,2023,2,15,14:30,103,51,99,55,175,6,21,c_Unhealthy_for_Sensitive_Groups
237,Bengaluru,BENGR_UHFSG_2023-02-15-14.30-1-8.jpg,2023,2,15,14:30,103,51,99,55,175,6,21,c_Unhealthy_for_Sensitive_Groups
238,Bengaluru,BENGR_UHFSG_2023-02-15-14.30-1-9.jpg,2023,2,15,14:30,103,51,99,55,175,6,21,c_Unhealthy_for_Sensitive_Groups
1403,Bengaluru,BENGR_UnFSG_2023-03-08-08.30-1-1.jpg,2023,3,8,8:30,106,49,90,31,204,9,25,c_Unhealthy_for_Sensitive_Groups
1404,Bengaluru,BENGR_UnFSG_2023-03-08-08.30-1-101.jpg,2023,3,8,8:30,106,49,90,31,204,9,25,c_Unhealthy_for_Sensitive_Groups
1405,Bengaluru,BENGR_UnFSG_2023-03-08-08.30-1-106.jpg,2023,3,8,8:30,106,49,90,31,204,9,25,c_Unhealthy_for_Sensitive_Groups
1406,Bengaluru,BENGR_UnFSG_2023-03-08-08.30-1-11.jpg,2023,3,8,8:30,106,49,90,31,204,9,25,c_Unhealthy_for_Sensitive_Groups
1407,Bengaluru,BENGR_UnFSG_2023-03-08-08.30-1-111.jpg,2023,3,8,8:30,106,49,90,31,204,9,25,c_Unhealthy_for_Sensitive_Groups
1408,Bengaluru,BENGR_UnFSG_2023-03-08-08.30-1-116.jpg,2023,3,8,8:30,106,49,90,31,204,9,25,c_Unhealthy_for_Sensitive_Groups
1409,Bengaluru,BENGR_UnFSG_2023-03-08-08.30-1-121.jpg,2023,3,8,8:30,106,49,90,31,204,9,25,c_Unhealthy_for_Sensitive_Groups
1410,Bengaluru,BENGR_UnFSG_2023-03-08-08.30-1-126.jpg,2023,3,8,8:30,106,49,90,31,204,9,25,c_Unhealthy_for_Sensitive_Groups
1411,Bengaluru,BENGR_UnFSG_2023-03-08-08.30-1-131.jpg,2023,3,8,8:30,106,49,90,31,204,9,25,c_Unhealthy_for_Sensitive_Groups
1412,Bengaluru,BENGR_UnFSG_2023-03-08-08.30-1-136.jpg,2023,3,8,8:30,106,49,90,31,204,9,25,c_Unhealthy_for_Sensitive_Groups
1413,Bengaluru,BENGR_UnFSG_2023-03-08-08.30-1-141.jpg,2023,3,8,8:30,106,49,90,31,204,9,25,c_Unhealthy_for_Sensitive_Groups
1414,Bengaluru,BENGR_UnFSG_2023-03-08-08.30-1-146.jpg,2023,3,8,8:30,106,49,90,31,204,9,25,c_Unhealthy_for_Sensitive_Groups
1415,Bengaluru,BENGR_UnFSG_2023-03-08-08.30-1-151.jpg,2023,3,8,8:30,106,49,90,31,204,9,25,c_Unhealthy_for_Sensitive_Groups
1416,Bengaluru,BENGR_UnFSG_2023-03-08-08.30-1-156.jpg,2023,3,8,8:30,106,49,90,31,204,9,25,c_Unhealthy_for_Sensitive_Groups
1417,Bengaluru,BENGR_UnFSG_2023-03-08-08.30-1-16.jpg,2023,3,8,8:30,106,49,90,31,204,9,25,c_Unhealthy_for_Sensitive_Groups
1418,Bengaluru,BENGR_UnFSG_2023-03-08-08.30-1-161.jpg,2023,3,8,8:30,106,49,90,31,204,9,25,c_Unhealthy_for_Sensitive_Groups
1419,Bengaluru,BENGR_UnFSG_2023-03-08-08.30-1-166.jpg,2023,3,8,8:30,106,49,90,31,204,9,25,c_Unhealthy_for_Sensitive_Groups
1420,Bengaluru,BENGR_UnFSG_2023-03-08-08.30-1-171.jpg,2023,3,8,8:30,106,49,90,31,204,9,25,c_Unhealthy_for_Sensitive_Groups
1421,Bengaluru,BENGR_UnFSG_2023-03-08-08.30-1-176.jpg,2023,3,8,8:30,106,49,90,31,204,9,25,c_Unhealthy_for_Sensitive_Groups
1422,Bengaluru,BENGR_UnFSG_2023-03-08-08.30-1-181.jpg,2023,3,8,8:30,106,49,90,31,204,9,25,c_Unhealthy_for_Sensitive_Groups
1423,Bengaluru,BENGR_UnFSG_2023-03-08-08.30-1-186.jpg,2023,3,8,8:30,106,49,90,31,204,9,25,c_Unhealthy_for_Sensitive_Groups
1424,Bengaluru,BENGR_UnFSG_2023-03-08-08.30-1-191.jpg,2023,3,8,8:30,106,49,90,31,204,9,25,c_Unhealthy_for_Sensitive_Groups
1425,Bengaluru,BENGR_UnFSG_2023-03-08-08.30-1-196.jpg,2023,3,8,8:30,106,49,90,31,204,9,25,c_Unhealthy_for_Sensitive_Groups
1426,Bengaluru,BENGR_UnFSG_2023-03-08-08.30-1-201.jpg,2023,3,8,8:30,106,49,90,31,204,9,25,c_Unhealthy_for_Sensitive_Groups
1427,Bengaluru,BENGR_UnFSG_2023-03-08-08.30-1-206.jpg,2023,3,8,8:30,106,49,90,31,204,9,25,c_Unhealthy_for_Sensitive_Groups
1428,Bengaluru,BENGR_UnFSG_2023-03-08-08.30-1-21.jpg,2023,3,8,8:30,106,49,90,31,204,9,25,c_Unhealthy_for_Sensitive_Groups
1429,Bengaluru,BENGR_UnFSG_2023-03-08-08.30-1-211.jpg,2023,3,8,8:30,106,49,90,31,204,9,25,c_Unhealthy_for_Sensitive_Groups
1430,Bengaluru,BENGR_UnFSG_2023-03-08-08.30-1-216.jpg,2023,3,8,8:30,106,49,90,31,204,9,25,c_Unhealthy_for_Sensitive_Groups
1431,Bengaluru,BENGR_UnFSG_2023-03-08-08.30-1-221.jpg,2023,3,8,8:30,106,49,90,31,204,9,25,c_Unhealthy_for_Sensitive_Groups
1432,Bengaluru,BENGR_UnFSG_2023-03-08-08.30-1-226.jpg,2023,3,8,8:30,106,49,90,31,204,9,25,c_Unhealthy_for_Sensitive_Groups
1433,Bengaluru,BENGR_UnFSG_2023-03-08-08.30-1-231.jpg,2023,3,8,8:30,106,49,90,31,204,9,25,c_Unhealthy_for_Sensitive_Groups
1434,Bengaluru,BENGR_UnFSG_2023-03-08-08.30-1-236.jpg,2023,3,8,8:30,106,49,90,31,204,9,25,c_Unhealthy_for_Sensitive_Groups
1435,Bengaluru,BENGR_UnFSG_2023-03-08-08.30-1-241.jpg,2023,3,8,8:30,106,49,90,31,204,9,25,c_Unhealthy_for_Sensitive_Groups
1436,Bengaluru,BENGR_UnFSG_2023-03-08-08.30-1-246.jpg,2023,3,8,8:30,106,49,90,31,204,9,25,c_Unhealthy_for_Sensitive_Groups
1437,Bengaluru,BENGR_UnFSG_2023-03-08-08.30-1-251.jpg,2023,3,8,8:30,106,49,90,31,204,9,25,c_Unhealthy_for_Sensitive_Groups
1438,Bengaluru,BENGR_UnFSG_2023-03-08-08.30-1-256.jpg,2023,3,8,8:30,106,49,90,31,204,9,25,c_Unhealthy_for_Sensitive_Groups
1439,Bengaluru,BENGR_UnFSG_2023-03-08-08.30-1-26.jpg,2023,3,8,8:30,106,49,90,31,204,9,25,c_Unhealthy_for_Sensitive_Groups
1440,Bengaluru,BENGR_UnFSG_2023-03-08-08.30-1-261.jpg,2023,3,8,8:30,106,49,90,31,204,9,25,c_Unhealthy_for_Sensitive_Groups
1441,Bengaluru,BENGR_UnFSG_2023-03-08-08.30-1-266.jpg,2023,3,8,8:30,106,49,90,31,204,9,25,c_Unhealthy_for_Sensitive_Groups
1442,Bengaluru,BENGR_UnFSG_2023-03-08-08.30-1-271.jpg,2023,3,8,8:30,106,49,90,31,204,9,25,c_Unhealthy_for_Sensitive_Groups
1443,Bengaluru,BENGR_UnFSG_2023-03-08-08.30-1-276.jpg,2023,3,8,8:30,106,49,90,31,204,9,25,c_Unhealthy_for_Sensitive_Groups
1444,Bengaluru,BENGR_UnFSG_2023-03-08-08.30-1-281.jpg,2023,3,8,8:30,106,49,90,31,204,9,25,c_Unhealthy_for_Sensitive_Groups
1445,Bengaluru,BENGR_UnFSG_2023-03-08-08.30-1-286.jpg,2023,3,8,8:30,106,49,90,31,204,9,25,c_Unhealthy_for_Sensitive_Groups
1446,Bengaluru,BENGR_UnFSG_2023-03-08-08.30-1-291.jpg,2023,3,8,8:30,106,49,90,31,204,9,25,c_Unhealthy_for_Sensitive_Groups
1447,Bengaluru,BENGR_UnFSG_2023-03-08-08.30-1-296.jpg,2023,3,8,8:30,106,49,90,31,204,9,25,c_Unhealthy_for_Sensitive_Groups
1448,Bengaluru,BENGR_UnFSG_2023-03-08-08.30-1-301.jpg,2023,3,8,8:30,106,49,90,31,204,9,25,c_Unhealthy_for_Sensitive_Groups
1449,Bengaluru,BENGR_UnFSG_2023-03-08-08.30-1-306.jpg,2023,3,8,8:30,106,49,90,31,204,9,25,c_Unhealthy_for_Sensitive_Groups
1450,Bengaluru,BENGR_UnFSG_2023-03-08-08.30-1-31.jpg,2023,3,8,8:30,106,49,90,31,204,9,25,c_Unhealthy_for_Sensitive_Groups
1451,Bengaluru,BENGR_UnFSG_2023-03-08-08.30-1-311.jpg,2023,3,8,8:30,106,49,90,31,204,9,25,c_Unhealthy_for_Sensitive_Groups
1452,Bengaluru,BENGR_UnFSG_2023-03-08-08.30-1-316.jpg,2023,3,8,8:30,106,49,90,31,204,9,25,c_Unhealthy_for_Sensitive_Groups
1453,Bengaluru,BENGR_UnFSG_2023-03-08-08.30-1-321.jpg,2023,3,8,8:30,106,49,90,31,204,9,25,c_Unhealthy_for_Sensitive_Groups
1454,Bengaluru,BENGR_UnFSG_2023-03-08-08.30-1-326.jpg,2023,3,8,8:30,106,49,90,31,204,9,25,c_Unhealthy_for_Sensitive_Groups
1455,Bengaluru,BENGR_UnFSG_2023-03-08-08.30-1-331.jpg,2023,3,8,8:30,106,49,90,31,204,9,25,c_Unhealthy_for_Sensitive_Groups
1456,Bengaluru,BENGR_UnFSG_2023-03-08-08.30-1-336.jpg,2023,3,8,8:30,106,49,90,31,204,9,25,c_Unhealthy_for_Sensitive_Groups
1457,Bengaluru,BENGR_UnFSG_2023-03-08-08.30-1-341.jpg,2023,3,8,8:30,106,49,90,31,204,9,25,c_Unhealthy_for_Sensitive_Groups
1458,Bengaluru,BENGR_UnFSG_2023-03-08-08.30-1-346.jpg,2023,3,8,8:30,106,49,90,31,204,9,25,c_Unhealthy_for_Sensitive_Groups
1459,Bengaluru,BENGR_UnFSG_2023-03-08-08.30-1-351.jpg,2023,3,8,8:30,106,49,90,31,204,9,25,c_Unhealthy_for_Sensitive_Groups
1460,Bengaluru,BENGR_UnFSG_2023-03-08-08.30-1-356.jpg,2023,3,8,8:30,106,49,90,31,204,9,25,c_Unhealthy_for_Sensitive_Groups
1461,Bengaluru,BENGR_UnFSG_2023-03-08-08.30-1-36.jpg,2023,3,8,8:30,106,49,90,31,204,9,25,c_Unhealthy_for_Sensitive_Groups
1462,Bengaluru,BENGR_UnFSG_2023-03-08-08.30-1-361.jpg,2023,3,8,8:30,106,49,90,31,204,9,25,c_Unhealthy_for_Sensitive_Groups
1463,Bengaluru,BENGR_UnFSG_2023-03-08-08.30-1-366.jpg,2023,3,8,8:30,106,49,90,31,204,9,25,c_Unhealthy_for_Sensitive_Groups
1464,Bengaluru,BENGR_UnFSG_2023-03-08-08.30-1-371.jpg,2023,3,8,8:30,106,49,90,31,204,9,25,c_Unhealthy_for_Sensitive_Groups
1465,Bengaluru,BENGR_UnFSG_2023-03-08-08.30-1-376.jpg,2023,3,8,8:30,106,49,90,31,204,9,25,c_Unhealthy_for_Sensitive_Groups
1466,Bengaluru,BENGR_UnFSG_2023-03-08-08.30-1-381.jpg,2023,3,8,8:30,106,49,90,31,204,9,25,c_Unhealthy_for_Sensitive_Groups
1467,Bengaluru,BENGR_UnFSG_2023-03-08-08.30-1-386.jpg,2023,3,8,8:30,106,49,90,31,204,9,25,c_Unhealthy_for_Sensitive_Groups
1468,Bengaluru,BENGR_UnFSG_2023-03-08-08.30-1-391.jpg,2023,3,8,8:30,106,49,90,31,204,9,25,c_Unhealthy_for_Sensitive_Groups
1469,Bengaluru,BENGR_UnFSG_2023-03-08-08.30-1-396.jpg,2023,3,8,8:30,106,49,90,31,204,9,25,c_Unhealthy_for_Sensitive_Groups
1470,Bengaluru,BENGR_UnFSG_2023-03-08-08.30-1-401.jpg,2023,3,8,8:30,106,49,90,31,204,9,25,c_Unhealthy_for_Sensitive_Groups
1471,Bengaluru,BENGR_UnFSG_2023-03-08-08.30-1-406.jpg,2023,3,8,8:30,106,49,90,31,204,9,25,c_Unhealthy_for_Sensitive_Groups
1472,Bengaluru,BENGR_UnFSG_2023-03-08-08.30-1-41.jpg,2023,3,8,8:30,106,49,90,31,204,9,25,c_Unhealthy_for_Sensitive_Groups
1473,Bengaluru,BENGR_UnFSG_2023-03-08-08.30-1-411.jpg,2023,3,8,8:30,106,49,90,31,204,9,25,c_Unhealthy_for_Sensitive_Groups
1474,Bengaluru,BENGR_UnFSG_2023-03-08-08.30-1-416.jpg,2023,3,8,8:30,106,49,90,31,204,9,25,c_Unhealthy_for_Sensitive_Groups
1475,Bengaluru,BENGR_UnFSG_2023-03-08-08.30-1-421.jpg,2023,3,8,8:30,106,49,90,31,204,9,25,c_Unhealthy_for_Sensitive_Groups
1476,Bengaluru,BENGR_UnFSG_2023-03-08-08.30-1-426.jpg,2023,3,8,8:30,106,49,90,31,204,9,25,c_Unhealthy_for_Sensitive_Groups
1477,Bengaluru,BENGR_UnFSG_2023-03-08-08.30-1-431.jpg,2023,3,8,8:30,106,49,90,31,204,9,25,c_Unhealthy_for_Sensitive_Groups
1478,Bengaluru,BENGR_UnFSG_2023-03-08-08.30-1-436.jpg,2023,3,8,8:30,106,49,90,31,204,9,25,c_Unhealthy_for_Sensitive_Groups
1479,Bengaluru,BENGR_UnFSG_2023-03-08-08.30-1-441.jpg,2023,3,8,8:30,106,49,90,31,204,9,25,c_Unhealthy_for_Sensitive_Groups
1480,Bengaluru,BENGR_UnFSG_2023-03-08-08.30-1-446.jpg,2023,3,8,8:30,106,49,90,31,204,9,25,c_Unhealthy_for_Sensitive_Groups
1481,Bengaluru,BENGR_UnFSG_2023-03-08-08.30-1-451.jpg,2023,3,8,8:30,106,49,90,31,204,9,25,c_Unhealthy_for_Sensitive_Groups
1482,Bengaluru,BENGR_UnFSG_2023-03-08-08.30-1-456.jpg,2023,3,8,8:30,106,49,90,31,204,9,25,c_Unhealthy_for_Sensitive_Groups
1483,Bengaluru,BENGR_UnFSG_2023-03-08-08.30-1-46.jpg,2023,3,8,8:30,106,49,90,31,204,9,25,c_Unhealthy_for_Sensitive_Groups
1484,Bengaluru,BENGR_UnFSG_2023-03-08-08.30-1-461.jpg,2023,3,8,8:30,106,49,90,31,204,9,25,c_Unhealthy_for_Sensitive_Groups
1485,Bengaluru,BENGR_UnFSG_2023-03-08-08.30-1-466.jpg,2023,3,8,8:30,106,49,90,31,204,9,25,c_Unhealthy_for_Sensitive_Groups
1486,Bengaluru,BENGR_UnFSG_2023-03-08-08.30-1-471.jpg,2023,3,8,8:30,106,49,90,31,204,9,25,c_Unhealthy_for_Sensitive_Groups
1487,Bengaluru,BENGR_UnFSG_2023-03-08-08.30-1-476.jpg,2023,3,8,8:30,106,49,90,31,204,9,25,c_Unhealthy_for_Sensitive_Groups
1488,Bengaluru,BENGR_UnFSG_2023-03-08-08.30-1-481.jpg,2023,3,8,8:30,106,49,90,31,204,9,25,c_Unhealthy_for_Sensitive_Groups
1489,Bengaluru,BENGR_UnFSG_2023-03-08-08.30-1-486.jpg,2023,3,8,8:30,106,49,90,31,204,9,25,c_Unhealthy_for_Sensitive_Groups
1490,Bengaluru,BENGR_UnFSG_2023-03-08-08.30-1-491.jpg,2023,3,8,8:30,106,49,90,31,204,9,25,c_Unhealthy_for_Sensitive_Groups
1491,Bengaluru,BENGR_UnFSG_2023-03-08-08.30-1-496.jpg,2023,3,8,8:30,106,49,90,31,204,9,25,c_Unhealthy_for_Sensitive_Groups
1492,Bengaluru,BENGR_UnFSG_2023-03-08-08.30-1-501.jpg,2023,3,8,8:30,106,49,90,31,204,9,25,c_Unhealthy_for_Sensitive_Groups
1493,Bengaluru,BENGR_UnFSG_2023-03-08-08.30-1-506.jpg,2023,3,8,8:30,106,49,90,31,204,9,25,c_Unhealthy_for_Sensitive_Groups
1494,Bengaluru,BENGR_UnFSG_2023-03-08-08.30-1-51.jpg,2023,3,8,8:30,106,49,90,31,204,9,25,c_Unhealthy_for_Sensitive_Groups
1495,Bengaluru,BENGR_UnFSG_2023-03-08-08.30-1-511.jpg,2023,3,8,8:30,106,49,90,31,204,9,25,c_Unhealthy_for_Sensitive_Groups
1496,Bengaluru,BENGR_UnFSG_2023-03-08-08.30-1-56.jpg,2023,3,8,8:30,106,49,90,31,204,9,25,c_Unhealthy_for_Sensitive_Groups
1497,Bengaluru,BENGR_UnFSG_2023-03-08-08.30-1-6.jpg,2023,3,8,8:30,106,49,90,31,204,9,25,c_Unhealthy_for_Sensitive_Groups
1498,Bengaluru,BENGR_UnFSG_2023-03-08-08.30-1-61.jpg,2023,3,8,8:30,106,49,90,31,204,9,25,c_Unhealthy_for_Sensitive_Groups
1499,Bengaluru,BENGR_UnFSG_2023-03-08-08.30-1-66.jpg,2023,3,8,8:30,106,49,90,31,204,9,25,c_Unhealthy_for_Sensitive_Groups
1500,Bengaluru,BENGR_UnFSG_2023-03-08-08.30-1-71.jpg,2023,3,8,8:30,106,49,90,31,204,9,25,c_Unhealthy_for_Sensitive_Groups
1501,Bengaluru,BENGR_UnFSG_2023-03-08-08.30-1-76.jpg,2023,3,8,8:30,106,49,90,31,204,9,25,c_Unhealthy_for_Sensitive_Groups
1502,Bengaluru,BENGR_UnFSG_2023-03-08-08.30-1-81.jpg,2023,3,8,8:30,106,49,90,31,204,9,25,c_Unhealthy_for_Sensitive_Groups
1503,Bengaluru,BENGR_UnFSG_2023-03-08-08.30-1-86.jpg,2023,3,8,8:30,106,49,90,31,204,9,25,c_Unhealthy_for_Sensitive_Groups
1504,Bengaluru,BENGR_UnFSG_2023-03-08-08.30-1-91.jpg,2023,3,8,8:30,106,49,90,31,204,9,25,c_Unhealthy_for_Sensitive_Groups
1505,Bengaluru,BENGR_UnFSG_2023-03-08-08.30-1-96.jpg,2023,3,8,8:30,106,49,90,31,204,9,25,c_Unhealthy_for_Sensitive_Groups
